"","industry","AUS","AUT","BEL","BGR","BRA","CAN","CYP","CZE","DEU","DNK","ESP","EST","FIN","FRA","GBR","GRC","HRV","HUN","CHE","CHN","IDN","IND","IRL","ITA","JPN","KOR","LTU","LUX","LVA","MEX","MLT","NOR","POL","PRT","ROU","RUS","SVK","SVN","SWE","TUR","TWN","USA"
"1","vA01",8941.7482531836,4738.46536384024,5353.26467486216,1244.04915850702,94073.9724687982,32653.4297833409,566.883624271081,3478.1449379619,16966,7957.91015625,18827.4419859264,732.903265806827,5255.08196394967,28341.5053931378,13083.3432413324,8294.03093093178,0,2780.56158998797,1435.01899951579,353756.499350854,1244.17120434099,607076.445138446,1936.88344101611,20215.9317467537,7207.15899538267,36127.9192710271,815.475621239092,139.475423055305,815.407143572285,35776.36304464,47.2985270957656,5918.82911230695,6205.25952893006,2745.55332507781,3290.45906970512,164866.512950531,1016.91850178116,192.437576496493,4161.7789430712,18248.6435705407,6819.46698332902,18092.6180804911
"2","vA02",54.9890549793438,0,0.0152243919927768,65.0180524632773,2189.35181120177,2025.38492897543,0.218435728918744,191.981277750807,528,47.7690010070801,62.9416328822828,24.0225467902462,775.954711130809,450.606107358278,760.864799374874,0.86875295735229,0,129.761130949672,2068.41150448421,36077.6833631117,423.109941523778,1119.81048555434,72.2781429838943,124.753314347638,761.075028617328,2687.06616897294,15.2339691179763,0.990580055267138,48.6772981081854,330.93509935996,0,436.298975312239,99.4431134248785,70.1534109221906,702.395184807893,0,51.5632930731975,64.8115009765701,455.340360928798,107.459933459255,43.3681046709849,146.122752543397
"3","vA03",5.63660469737256,0,0.00253739866546279,7.36790567121638,0,3.53126075048151,10.801944,28.8798966280043,528,267.678985595703,16.9439587589902,36.1581170458537,0.00260927026047747,691.524474052255,0.0959169746670149,3.26141018484915,0,43.2255892659064,0,2635.00762694934,0,0,0,625.61582588857,1987.557696,9995.398848,14.5195263861517,0,29.112249969474,0,3.600648,725.383948364448,3.62705896089256,162.02916,7.24276518453607,1328.513508,0.0271497878430849,0.00460092811278764,0,230.441472,3337.800696,5.28710251158352
"4","vB",101076.42301064,3573.87792402085,1580.69969639199,8122.81570089508,82490.84568,122395.19066241,104.418792,6617.52542994369,33731,338.29599571228,7617.50608145637,856.229737404878,5065.49313836483,7514.32527078061,6220.7800666616,3166.51581285988,399.671928,2189.32662258814,2718.31927993628,1005758.58274537,6841.29864564075,723.730248,2426.836752,4842.76619136768,6038.286696,5718.12558342777,174.215493515706,43.2285753988925,90.9590216601498,82247.8972281205,7.201296,25906.7612145675,37546.7221886849,2909.658528,7797.59277664091,662373.618079804,508.330021404334,775.292707246472,13680.1849188272,15240.6063703522,1782.32076,267977.00926827
"5","vC10_12",21441.4599401676,8619.80577118885,22037.6582288824,4487.55041709916,97343.51868,20858.7544848532,579.704328,8077.97463264494,78399,9037.98220825195,39439.1988898321,1262.56672423024,12366.8154396349,75042.372562932,41811.2628474117,7848.18828739283,0,8553.48636442393,9582.622236,523844.496609105,22077.9607512938,68545.535976,7215.698592,59268.9607443132,89130.440592,42290.489988,2925.37707350859,706.144352109186,1158.26785525902,74925.5550130643,216.03888,10274.2505025095,22803.1067157591,8367.487272,7590.55732631968,228694.274105234,2230.88513467683,1130.07399077288,10452.7332135952,30459.0097502107,13984.916832,287115.113227508
"6","vC13_15",2198.29885155535,1367.83134309129,4101.50155896893,1618.20690966078,26054.288928,3262.08359470324,18.00324,2917.33719273434,9662,468.767993927002,6083.16489249032,479.838446130732,1003.08948954048,6098.51928517721,10123.5850206157,713.708083755604,0,718.512135723277,885.550068,936371.750156552,23062.5991077639,122332.0158,432.07776,21105.8971657018,12688.683552,61000.21062,618.006147653793,577.203478021733,146.694750579547,14158.2001501349,108.01944,282.203523445147,2495.41203665413,6268.393224,3217.14174759353,24012.1390231332,550.017130199531,423.865499658315,832.571742791619,71048.8176044599,20577.70332,65580.1280186518
"7","vC16",2445.65903802194,8685.84680730747,1357.52295535863,712.506183088719,12642.9974222576,15102.4849788539,18.00324,1835.97568795986,21304,968.327987670898,3944.30971404433,1363.52193657366,12793.7206769999,7879.00754267638,10203.3688678377,470.126207960309,973.933416,928.775675732562,2591.9411822594,132763.498466898,6249.46916818072,3366.60588,1451.061144,12034.5022544498,12613.069944,7296.378228,1471.68534270808,57.6428713048829,2921.08552029432,4715.08689677416,7.201296,2491.0699089193,9523.75711729885,1907.882892,3622.20737123636,60098.2759223658,531.252794363195,591.894512446934,8142.93076114741,9238.29805802901,1476.26568,79677.4907980811
"8","vC17",10452.1102123179,16853.0315044516,7227.89695401883,1238.04269447387,69002.0669032038,130965.257652192,16.3094234887189,5460.26936524665,99953,829.650020599365,17968.8657293171,1192.28005441387,79130.9626142929,27113.8565798138,35275.8038596467,1557.56867982897,0,3716.86331618878,6627.58975480742,414900.85755766,14793.8451734956,17210.9421238559,313.4588323435,57944.0648333507,89417.8905211735,39500.5338571663,532.236808308867,89.3856172039425,52.0121731660393,28416.359137271,28.2325564593759,11805.5896779245,14207.1828494342,14051.641725433,1686.79483863001,230320.543069006,4337.91176729271,2097.00557053416,73340.0543107332,14524.8648685113,11075.1200209055,195683.715854587
"9","vC18",3563.66605517796,783.310356313913,3155.41905988776,239.800166196138,5570.95382479618,10264.8038168645,41.3009445112811,1515.56554997779,9011,541.668991088867,3036.16315277734,155.301066647594,1518.6134916259,3045.94968331291,5049.9789073676,418.546560394523,0,711.612093648994,846.685605192578,52493.4469541143,822.8432086505,6052.84460414405,478.6837276565,8441.5988349626,15386.1708148265,7291.85469883375,38.2939855728206,55.6552952919114,64.0922860238047,3651.85877796373,54.5823475406241,1235.11115868838,3717.45915031994,852.403310566979,332.787889215352,0,392.351979554631,383.792018833772,2531.16173361992,4191.94944353756,3601.12122709449,25238.8206519363
"10","vC19",4757.37811938337,3190.65141692109,9217.07103212635,8601.15435502321,16951.360257219,18531.6532329325,12.0427042268179,5798.36808662518,33251,1641.23699951172,15252.5440029845,969.524884980739,7742.65329886485,14338.2635244386,31890.7297827204,2824.48214182837,849.752928,3873.02504585461,0,624571.981246988,0,17691.1298140905,590.530603797234,50995.9871927567,43063.9315896118,45408.818628,2155.04644385002,0,0.00458307417125376,6711.607872,0,1867.01198048726,11933.6370238079,12819.16783863,7483.39437296755,413840.2382559,2606.07447416001,0.0265092118531095,3877.45040493952,4097.40811021664,15610.986216,245715.126179796
"11","vC20",14805.3768175375,17526.3399693248,62571.1664851539,19447.2431584532,80514.089928,82160.1597761617,136.824624,25324.1126935173,267601,3441.85211181641,33000.7834636064,1021.28777148878,27937.5714109729,72453.5717158599,67267.9377721222,2377.96274256501,1553.260932,20474.7659130549,13046.529348,2963697.37192732,13471.2599564515,132658.674264,6146.306136,88984.6469617479,179434.692432,239243.549112,10890.4147446876,1586.17844922429,256.627785790606,48510.8761646171,147.626568,28079.3801571677,32774.4650970564,9161.681364,19335.7838184344,635424.742412721,6728.46406299989,3538.51623440709,16366.6294152482,18128.2439195461,135153.923328,513183.080126743
"12","vC21",10.1271757635722,1862.48562219719,0.152878269594133,0.782115865917302,0,9.64904409064527,0,0.532155589649986,7558,1886.88702392578,17.1943620904038,0.0433248702439024,0.0066681351101091,0.511259466872451,0.375674817445808,1.89053395856847,0,0.297901528207069,0,368.196248351461,0,0,0,47.1908660431539,0,0,0.0632595859509286,0.0219252805267457,0.508721233009167,1894.02588755056,0,0.0870368612867237,0.206445677643516,0,0.209230885613811,0,0.328814097210695,0.140903423454121,0,0,0,4.32889367646473
"13","vC22",52.7344901742229,4132.12254729732,1684.60593584121,2616.19726498954,36947.3071947905,43578.3933430151,46.9925742238489,4879.4522119712,57881,2095.09896087646,8196.72248434903,240.636194102065,2342.84587763624,15698.2371843004,44365.4007173612,4441.91996079791,0,4157.42681556728,4065.22883785642,523541.036231501,12735.7879558822,127181.170745754,1085.86387045139,31088.1980438195,60832.0875609244,1744.06814264068,465.859297770182,651.507768970341,88.0897029730819,21603.8637697275,152.360213327518,460.730639392081,8957.65326775506,888.023473503261,1783.94046252872,23505.2251294959,2136.23547052808,892.100561326766,7772.44538225448,44002.6749703187,10829.0211917468,271011.204268156
"14","vC23",15814.2754190722,6642.45990892023,10348.4342607596,3049.74498369089,44525.613168,24228.4324632782,540.0972,8236.86630718104,44241,2745.02795028687,20231.3717020348,806.42847984,3157.62242295938,29364.3759309991,24926.6598427854,3956.18949476762,1987.557696,4463.90794519383,5522.55197987237,1208766.55625005,20678.6176402596,70720.327368,2153.187504,38632.9535226141,80377.265304,42281.697708,931.605609945209,963.195546714478,965.928424839499,66115.6769918837,21.603888,3304.34260547415,17290.8933642787,7269.205896,6956.16882657474,176043.053209084,2737.1397002506,1352.76462826331,4073.02605328678,52024.7158538007,20678.521464,114924.060139034
"15","vC24",149346.831234784,18037.9556051066,22658.1745216053,6792.86373738298,211579.686792,217470.066241354,7.201296,15541.8392763803,160904.577988,1665.62603759766,79181.382403352,26.0853798003907,28181.9573912837,72945.5439404608,39599.3173290281,19759.3953097567,918.16524,5162.14226100921,6902.819028,4058423.68694149,14784.0721787488,297019.907977909,2689.684056,79588.3426929957,272774.109026388,232390.301796,81.8979762162329,5464.48606560986,59.3439087932293,66337.1017349308,4.98070288305338,89840.1328997516,32400.224165514,5578.61488967945,19984.4271607238,832347.35608245,20635.0425873522,7565.44400511029,29513.3679657292,100883.850721957,62438.543892,448104.954012507
"16","vC25",4637.14882512639,5191.69729963169,1014.0667384698,1232.63645169572,22243.0039490457,4424.39299407579,39.4900606205625,4652.92295939593,61334,2172.55200195312,6987.94809521826,586.916430002192,4631.7216059412,19431.5457915111,19824.9098959791,325.810745511453,0,2137.45038634589,1845.9187468163,616953.273768321,21240.4298077714,5373.89707500737,1013.66734194036,16517.069385299,41065.1882018156,66030.9573490893,192.038741267811,225.530959297472,132.925133384186,14157.3543322639,63.7391622798607,1607.51891552087,8618.30639652261,2634.08070314938,2248.29082083938,0,2260.91903738817,1725.66122287791,7775.87198872043,8769.24420304555,33806.1485694137,261367.752484716
"17","vC26",175.37949206454,1890.16178277519,164.868983677747,115.052529316318,2866.34649040398,1439.01613881023,0.0200170464762393,1846.43304693692,18983,534.181007385254,917.591888726774,156.436351619728,1037.01761043537,7396.63873051474,5134.1543880126,74.2190736124498,0,1587.42302527159,7789.84784556205,251260.347545838,14146.0039135116,7472.52936583231,1756.11525307853,7481.8377401928,57889.8323922861,132964.645700353,115.794331016906,10.5985621856388,13.3995881082252,3414.89770244115,13.6783554010242,253.950548876901,1264.8512759484,402.997946214432,825.512354575564,63375.5844057031,336.760320057031,207.034041698904,1096.96189353031,1480.49278093856,121238.781744988,54018.0377093872
"18","vC27",567.276085397042,2801.26594137675,300.258660562677,663.522974834471,10887.4833010791,989.328500704869,4.52424615462143,2389.13013215038,28929,469.574005126953,1592.48420830704,196.34691199191,1212.43568566431,6499.24251368064,4684.59858805537,117.281306760456,0,1414.83969661908,2827.29635976274,252997.513755512,15613.2098444297,11898.4017226406,426.349276805767,3837.09419026384,28040.6223276328,30541.0333245129,35.448272589873,24.2273779259574,39.2047670918115,7925.27687143839,11.2747056058465,459.440177518626,2829.98834763775,695.758399402323,2169.79691036281,0,349.173675389443,834.39175712093,1621.244855687,4294.34961365335,8453.26642586484,46111.1651574722
"19","vC28",1217.8259275939,3105.8522477176,483.041523367834,1066.08767936783,13065.5161069605,2776.94964865505,13.7489031063214,6655.84658447651,44379,2997.00506591797,5778.22235205988,172.93805749341,4040.92180623777,9730.14011959387,16056.0554328054,79.7137983674681,0,3720.82849772419,1807.31561570896,404673.105242832,4645.84239130216,7689.80902051968,1427.24347468361,30822.5487331311,27846.6236702655,36174.2294860446,98.0286803893836,38.9431649917758,87.6233027772761,5939.06934420939,112.534596869652,862.697229173413,4554.95787066243,624.78504166136,1957.87097559879,139261.146877718,1521.3538560668,542.129351308203,4655.48586251821,15084.4248000042,17453.9057839829,133134.554715166
"20","vC29",56.1696617952233,2924.99292282014,6603.35838984922,257.229954136178,37089.2285686859,11866.5828314772,5.8803779108355,9434.53366857077,73580,255.797996520996,10714.59908445,222.473364501163,770.811051614173,16642.5890624855,11127.8221971149,183.41547363591,0,5250.16733674465,247.518397060532,272866.479256149,8306.74160495743,33716.1208718118,701.313642658662,14827.3010036672,68829.1841099991,52887.4095011137,77.6192290780952,25.2245592177821,42.9884910445115,43376.7160803556,64.627645390565,729.398043525748,7399.38148538212,1231.2335450299,4822.38763767843,132827.580782426,5092.12508825861,797.784249157805,6841.66520231253,19887.1201497411,5910.61855233334,112220.766709966
"21","vC30",33.1366002395229,260.58108354362,1267.92266196165,113.044606231144,4952.47853107185,2308.56707173547,1.3209180891645,1249.83443400506,5437,145.368003845215,1851.9512372738,78.1955028198128,1327.17299966953,7414.48302991657,7763.48747255376,195.703040123531,0,332.007790840848,551.913249515056,105349.288815422,586.223820475428,3600.99500018822,11.6146613413382,1014.3751219121,16113.7028580009,33589.5628548863,20.6698007515089,0.0110323144975233,141.990689142709,2743.00494398875,3.78466660943505,1628.32662945157,3632.3845208167,103.548777209065,663.316488041816,0,307.295262246638,49.443412635723,1432.08559939203,3545.71055223989,3087.40079966666,73127.5140251935
"22","vC31_32",60.821918644522,884.443945157341,1067.57840509299,689.932209207637,9859.13508196908,19377.4742217593,21.3823362338337,3098.64559309597,11759,0,1811.57344677125,373.433817189163,613.671663179901,3264.33007618054,11641.3947696231,1058.55849815309,0,929.846389090023,1144.89303749994,90079.7620971617,10396.3166192183,148634.726251378,1687.22438705397,16343.1241607089,9557.78678724942,981.533465372308,1075.9542788029,105.182785915377,109.872074634076,9404.00479989366,92.4693556428047,242.793619359559,3344.19662468448,318.270063253276,868.198164448691,17141.6510860417,569.61379264496,386.964495883589,3981.23756653384,6318.06829007028,642.211953576254,108252.222293465
"23","vC33",0,445.986304238751,163.027525608525,205.898789250937,0,0,3.42778907201838,917.329478393316,8750,282.18399810791,2225.66309987193,115.705212139589,978.514013788107,3935.74196872384,3004.73409119693,126.334791404895,0,235.60059390405,265.311804149957,0,0,0,417.531853491737,13404.1370074624,0,0,219.0587406412,0.196761948606031,168.451721334682,768.442252655029,216.448347843616,1267.22664100986,1059.83204327166,380.411997572502,798.72048554102,0,243.203440034474,226.819273684091,724.476112320159,0,10710.3905157505,16175.5029732177
"24","vD",98051.9044197787,37685.2138400594,35914.1374816265,40915.7542204199,410927.175989381,277612.169597746,1361.99173194455,75080.0590059394,295669.48626,2060.03295898438,150752.883462217,11676.3010344273,37710.736509527,262147.792920212,188292.98576705,28945.0819214366,11050.598052,34416.621502102,27596.87352,2822239.56754395,117032.99238,1191674.062728,13603.8195847356,151950.46552571,293487.060024,153562.947984,13457.81676304,2412.99083267477,8350.72997091201,189998.993664,864.15552,43533.5322127556,130158.809374296,25048.0757134995,71503.0017546727,1283135.53292542,21714.1551232624,8525.71807637053,57141.7226384806,182826.317084535,77730.789024,1870945.75734027
"25","vE36",5018.40698258402,353.71989171614,756.874636543668,1930.81038640333,26912.2682336481,0,708.047002158787,1456.0317022368,30667,877.621972084045,3148.47680481879,333.136385236476,1808.39558749914,8570.63553685395,11731.4924168039,6571.6338551501,0,1580.49615410026,1721.66949898895,209676.268208721,646.915079624969,8243.39709194339,116.210219606626,17383.8537177835,7736.93360794899,48906.47261889,636.786087429475,56.0764942855922,182.959927349784,698.472258024587,7.64248628829128,974.324624074456,3369.32341102679,820.918242490282,1724.55700472964,0,853.76843121243,721.063916198054,4572.6129909421,6996.86304147595,2042.31694552459,378.400628138848
"26","vE37_39",33.1933703687709,2364.18939615801,7585.8010801945,214.400206688243,0,1877.8815602368,131.598885892796,2099.86898680659,18912,0,8004.70579933791,198.291438842874,1337.4755556034,18659.2602049185,10400.3071739921,5443.72111666436,56.982348,2052.36800130228,0,102614.826125517,0,0,2703.53312696522,19386.6461406847,20172.7523959102,14998.6762686847,692.919013977812,377.789775952351,189.419997560445,133.343310391618,51.0176301222915,2203.00526244763,9442.47098999388,3176.32767648139,3187.9648760433,0,1052.59954549162,887.008916006267,5017.66514874967,1192.04316963342,4071.39855013614,36256.1653683948
"27","vF",1113.84800250967,3313.17718230906,2903.82044205686,1031.93319571136,12087.7735137358,17988.3560946255,18.00324,1385.28673689821,13838,1284.83996582031,9000.51824141646,373.37769390439,2789.19679304977,24966.2185185272,6149.6489103676,29.3013891585155,291.652488,1159.6108949035,2089.966824,277347.550595224,26862.5872439665,427646.303410868,262.847304,5711.90903035183,25514.191728,4342.24132907221,433.732589499764,526.598001382202,339.138115435303,21764.5208016517,93.616848,4603.25012419149,3226.7211167735,1215.76500305421,1959.06158921972,94280.0129044531,273.203810191347,146.012668970536,4575.76116388655,12534.4605237109,2254.005648,199462.870746723
"28","vG45",715.959944099284,1338.9022020176,1859.67532091567,3695.26328545674,12961.3243568516,14733.1595767989,170.636575969732,1648.83181130139,12963,1835.82800292969,9399.42380232992,275.308141020483,855.750764314785,14989.8085717324,10358.0510705585,814.227982583756,0,316.497901871936,847.780213964203,0,18597.2632855195,6938.30055282354,246.794069671434,6304.08705010975,17592.9296336855,4174.90754176605,325.925237166181,79.0693352861053,423.353607628429,5442.38969849213,57.0122873252202,2678.51688362239,1828.93933347162,1123.10455189644,968.587844198695,20582.3927313223,218.32517104871,222.545758573542,3249.98269781048,17801.3219185673,471.120602770428,7636.94788798818
"29","vG46",8283.8009741466,3581.15888568778,5007.67853133647,9100.74626933085,64163.2035328828,22085.3085686004,331.410043933203,5155.63116204881,23604,8124.79833984375,40158.6186837385,498.280288482199,2400.97417997017,46963.7366279226,22104.1301456911,3954.90052188261,0,1808.90594450638,6686.10129168698,604934.612244389,35806.1854504679,53906.1850370858,1895.34455866923,11238.2401613191,34437.2457255488,26231.5867819467,337.464690230331,310.750163656207,1411.46068085444,27044.0980567601,169.256504506433,4930.38191610249,9936.82927194221,3924.33371414187,5626.13939327625,188354.355246477,38.5489401165454,1044.13587808967,7235.6621523092,15772.16346854,21805.1974480569,19083.2755604989
"30","vG47",22470.1171248209,6017.47340448188,10266.0865456263,2958.65312357686,95071.2994334589,32321.5246371972,107.763521540153,3109.72712084466,66235,9102.15112304688,49316.4012641769,1817.67466654492,9115.1636767005,56558.9311593089,48490.275532333,3101.08982997374,0,6659.52713653282,6297.98643829117,125146.124409603,20878.5163919815,88025.0198695733,4080.26170953755,55163.2028444921,156581.848747676,36619.5131973712,1365.07057766431,1216.12900180005,1778.4790035697,22151.0344437445,426.426266695938,10533.7298995071,16479.2427675057,8807.25109361528,4432.40586590286,81267.8692997851,1825.67721338743,2160.92972008742,13563.0955069486,14393.2386347041,44035.5196827825,37427.4115345044
"31","vH49",10089.1295049777,12394.2267542802,5747.50162179068,1131.0241968444,15301.1274282,13461.7835187117,0,6680.62979645984,45281,1674.82901000977,7705.093377179,52.5273068721951,2596.19100337791,35586.749870618,15981.4465265814,626.031223022415,831.749688,4103.24698889536,11050.388712,235790.907584255,0,58247.682696,140.425272,19873.5454735987,64185.151248,7212.097944,133.363849676178,443.016692439714,224.6642255903,4068.73224,0,2523.11960601264,10761.6357073233,1087.395696,3744.18012127291,365887.687248333,1777.36147936475,472.282816949324,9415.69452,3298.193568,4756.456008,24260.2528004953
"32","vH50",0,94.7370423261008,31.5517248,92.7041256,1829.8346598,0,0,323.095356,0,138.529003143311,0,0,0,0,0,0,0,0,0,27582.6384,0,0,0,0,0,0,17.0319024,0,0,0,0,0,0,0,41.4995616,150871.2793848,8.0449362,0,0,0,0,0
"33","vH51",0,1024.69991162315,0,0,0,0,0,0,0,34.4980001449585,0,0,0,0,0,0,0,0,0,0,0,0,0,0,0,0,0,0,0,0,0,0,0,0,0,0,0,0,0,0,0,0
"34","vH52",6234.57617937368,1953.76833983675,2196.2236880213,632.349228081267,9824.68611380551,6684.65140153374,1277.01895331501,11043.9258086204,21138,2952.16305541992,13626.1333335051,1587.96104701827,4751.92813606961,10689.4425529882,5991.30569369943,1088.52754146006,0,1277.52523030001,2860.56763354697,37427.8781316498,7184.66990357598,27298.8131177476,852.003111564715,10385.3824067422,28994.3658944187,35875.4182384077,5591.10845727041,335.058000528873,1418.45525562689,2039.56415327108,499.104046713852,3898.68056083222,9207.47842966906,1965.42595458456,3036.26468971338,86985.2323648928,1846.4430598519,554.906382731321,10121.4951738642,1393.74403099001,2009.654146239,9814.22990071323
"35","vH53",333.765333787528,2511.71376292191,285.417823124817,16.756442525003,0,2303.0274135892,8.76759177618663,522.371040605243,2101,362.983993530273,1246.37573674079,58.8160070962152,0.374814486276239,1884.59817042671,7151.24465597511,193.836940159086,0,136.983344291417,606.81409917192,5031.29278995369,304.908364280263,0,99.5964322986912,6575.08320197161,3765.53288132177,714.862613246595,87.6323049666641,528.136116645185,76.9355557867145,869.834305166754,214.314233438683,260.41009854977,1093.8641750919,215.422079142384,324.033709762654,0,164.955433481656,97.0024381240616,0,0,425.257839760188,2564.12950299213
"36","vI",18765.5555929356,10155.2014217974,3490.89808145151,1650.27421362083,27804.1002214212,33336.3294917238,1150.75206117577,3559.85085711985,46616,5423.76000976562,24075.8034147068,935.069960737645,3601.27690967984,37820.1381473938,19559.7960059912,8849.23408903681,0,2363.1716940908,5496.71101711458,182834.563985105,11163.7261579787,59566.9703268247,875.90605710426,41369.1229138959,119061.825883373,37971.1950758174,737.513088630831,475.722364349246,887.176659530678,21424.0313990676,979.980221675277,5534.68541044444,7949.58734519043,11948.3303637507,2792.0323185075,55690.6672783202,1061.82012546112,1493.63314966353,6763.10989582082,34518.7948000969,24395.144602717,32882.89341836
"37","vJ58",772.849365464286,84.7914138332337,165.219988763672,21.9624654827914,1660.94830954304,1541.745032805,492.350390900715,131.099851504755,33705,439.776000976562,1374.53558456414,16.0530864469318,411.253521557158,3846.92690221579,4099.1533824597,623.693078089496,0,49.2770533898149,415.877023550303,0,3581.10193009593,0,1015.94591839219,1293.83413125626,1440.8708400745,3720.42951516231,27.3722548258341,38.7117474843795,24.132571516399,175.994113819585,6.18626485147382,506.480379097866,441.408953446444,81.7356121732772,126.454532086936,0,40.988827465089,36.2934823531341,1226.18997091968,0,617.861144195803,983.744695085853
"38","vJ59_60",1029.48809186201,748.175138181222,258.646572326302,10.5473636418321,3957.29110400175,4281.28381866992,163.424542555588,483.720388407242,0,871.492004394531,5253.12881741363,63.5704698065971,130.294876016023,48846.0337195934,2022.79058226732,634.137171657357,0,171.90115470652,0,0,1730.92225606344,0,30.7238575601964,2431.1007153882,4500.6641565129,9565.05551022582,48.6027130474633,19.8063492568445,38.8640449195702,1150.26750273206,3.6622955079816,399.220397898694,768.89856363289,303.160824986338,214.226953355172,0,281.140495211788,178.523194381716,1285.01154682534,0,558.644876631304,2873.92698881496
"39","vJ61",5780.37447909208,1600.55565698733,1803.98559098478,999.592684608033,19343.5164555333,4753.30412390297,221.953417114241,1523.41865280967,0,837.19898223877,13251.1450495596,169.928963615688,744.344492407178,38926.6718734937,10571.7098400596,2376.80844349908,0,835.133898700834,2353.50582257635,163587.435227033,9321.31640561632,17322.4060463335,219.811549522572,4317.70495923873,16252.238664438,5071.13122224607,238.645174106123,205.353732153487,372.981940260106,3628.15528793767,106.829096432549,736.409749697246,3423.72084660616,1414.7387928998,929.581487096196,41088.6889641119,855.82134979672,381.154761903669,1176.45835070844,9659.32263282861,4395.85435467088,9067.76950165308
"40","vJ62_63",1188.89575608622,484.386492043174,1342.06071253409,96.6339563844455,4489.62200051235,2522.1171642767,11.8913374760343,355.845163696869,0,1323.10302734375,5493.54957363189,203.373797622028,457.953861053314,6264.89416594383,11200.0490879242,360.842362390487,0,393.98762387067,768.524696412481,3372.78618004771,2891.65385855658,73620.0751789564,978.424786408371,1967.96896314616,14271.062924675,5163.51290585471,203.423010390575,98.3478866129915,196.992396667907,91.767930407953,4.08047742754665,1144.09785727004,1017.0515578685,355.243123182904,2911.47717056602,0,138.014329222324,126.734760001352,995.19257605707,273.574859977036,966.043081505128,5419.65522565744
"41","vK64",1699.25158753643,2336.84621933396,1291.92186837262,19.8505823900389,22613.1981853467,28845.66890317,77.680501281647,891.926362388631,7904.74225536491,950.204986572266,5341.94669805537,100.251712979269,1299.46285329165,8676.58450614351,14748.1771698251,1790.02010928352,0,442.493691382532,1926.02526474473,99839.1345066635,10870.6931161524,66286.1468322659,679.92870494526,6476.70451716285,11671.6175976968,14566.1881142467,402.88838814273,1236.99592338271,193.236817742758,3661.36744688701,84.4674460289005,699.499752637061,1358.16959232133,896.442889620713,1438.99343844686,63237.9530927865,225.850937695199,431.292763750501,373.141135345401,6465.47629966222,3335.36364404646,3285.54870308138
"42","vK65",646.430184868085,294.532262269565,230.047067229208,4.2800556989161,0,6148.65901194003,274.633744453278,2783.02996360654,3306.38971600869,404.288986206055,929.918041186269,30.7200185699764,524.080413313234,5051.81476191254,6630.16890516248,1.10148310739529,0,58.6920651976883,90.2669664253577,2442.65103321944,1468.37693191071,25647.2515996895,546.786040044723,519.032847157834,7990.38545852497,6040.3315905173,63.4285335135406,0.362792130428874,58.7893642036363,25.3181425136765,3.80764555900129,483.311613858573,112.844936671588,461.372635204722,317.031945134728,0,77.3026832265891,70.4125423373265,1661.07975390966,202.011177139228,972.483638759492,1468.05246026485
"43","vK66",1714.18802508442,170.361247203257,827.661216162826,7.26128814923044,0,0,268.654163863727,99.0357443945556,1532.86802862641,88.3709983825684,1325.47680693055,6.71365422283885,886.264898606447,1130.64199297861,8063.79724660581,105.111147737958,0,68.065897855172,0,0,0,0,521.222748129284,829.257190599494,0,2255.56048418586,26.2104162089746,221.186230107198,14.612438096945,73.5819834332531,3.03666273006798,221.537560879795,149.969196030273,108.893352042059,53.8939786982112,0,27.2955641099751,14.5613390249699,10.2219911724408,534.451184216137,843.344596095956,2973.35075558874
"44","vL68",8950.21207553376,4907.60681768296,24123.2983297649,1087.52166587774,3942.88533524275,80880.6242981996,79.4729407317492,13321.5954790834,22494,1391.86100769043,3142.8253988197,2060.65929652745,45934.7499533333,18200.8667552,27663.7645323028,251.55741112084,0,2515.54393337983,1577.17951253421,102756.210605318,2779.79136096539,321.142983196563,477.624389283396,2793.81419542508,20229.8302412329,62618.967700205,281.468931581158,1951.94098091843,3146.75779404934,0,6.8912725687556,15471.6539774059,88532.8785581885,979.582058932643,998.144131896883,237979.10962491,4599.55406994356,334.387268147679,33331.8869823078,6320.81435410207,7301.93490443857,254792.500358558
"45","vM69_70",8884.39999815528,0,2915.2292603832,75.0431409391132,9433.17828639033,5580.54390287166,224.064072951101,469.647069676075,0,808.130004882812,5027.28985177484,109.382873929335,409.106476663111,28149.8497083062,5949.12832450535,906.566602726379,0,614.815958573359,1423.60365393833,47335.0113288873,1978.08902371805,10068.7019483074,91.0124412689069,11148.0711057896,0,4942.8449027692,161.421594737885,133.771337069274,111.757868636624,2133.36952529524,171.163665530814,761.193570706781,1133.70947606929,763.3921921749,3434.42025899509,0,786.585636234095,331.27203167232,1423.13271690007,0,113.06226294306,21200.5248394575
"46","vM71",0,692.715844215507,1269.74463276759,457.3018908211,2982.35164934015,2582.02088762208,18.1224600330178,848.086226639883,0,1214.20501708984,4263.75926428573,48.3857003473059,217.081544642005,6606.70258318873,6432.72502308486,610.857934120666,0,274.504087044341,0,0,0,29865.9215699861,180.82319479302,2883.46164974847,0,4266.00354951427,3.77919620679655,14.858017851255,31.5012482230851,266.061258188573,40.7478607656962,882.966221040425,857.653468739077,233.814155616477,634.545615762758,0,230.156738184662,150.179454472647,799.73384926467,0,435.385392881041,4306.08941438114
"47","vM72",0,377.242034420135,1204.34040604612,1229.19835137519,1882.05412057449,1599.0973229388,2.72284778435339,353.441536417948,0,307.832996368408,824.144572307387,129.035860101462,449.245764561628,9046.30938046183,1456.11245522253,289.34152430428,0,464.768161030583,308.592505410495,35561.5668253607,0,0,11.9271116917699,1332.81161682482,19289.0037844306,24520.4078790722,60.1743328947272,128.272968953893,155.904562532474,629.135581600259,0.100003621169959,335.383906097926,1102.54149812162,160.044523853777,116.022339468611,0,172.479702306821,96.7789986826343,825.374381541718,1.2283014691861,949.953409043236,2320.08699809713
"48","vM73",0,343.95161681261,266.934922072943,15.8123219074685,0,805.438832198659,16.7535954910411,273.052748438413,0,347.875,1948.16692421943,26.6893801114364,35.4211391002858,5810.53938732797,2549.42914566895,547.456941538525,0,157.932733379697,0,0,0,0,3.17720666006157,1271.18172478006,4808.41236839255,27.6572816696485,28.5183186150624,22.6014953131735,18.3742156235642,0,17.4975523281566,190.225104088732,1148.17014047205,89.6586401539356,1363.84409082473,0,85.6309315185206,29.0060508911984,569.327654873249,0,658.638869342953,2336.12860612019
"49","vM74_75",0,179.373674443794,307.512501873413,75.1463330307835,0,17623.0855187617,26.352959779682,552.608292949755,0,370.264999389648,1570.85791573343,17.8419550450047,96.5072978458338,2241.47881886533,2161.04520901513,577.088547086479,0,209.051789707235,499.654450345681,29723.7778830209,0,0,97.4033441720169,3674.44426782488,15104.2386206016,3962.61414410903,21.0275979863744,13.4331007785922,59.4512827689556,312.546493281049,17.8118863084428,262.775608963266,246.780101711755,103.803506337383,1229.73470796278,0,500.197154983562,64.1597609633163,253.823044358285,3425.4290410691,926.309621530088,762.487817137202
"50","vN",11068.6725019775,1346.65783888221,209.950941361171,1050.73360822793,1475.64832365106,5388.09802010168,40.3035555086157,106.122119291471,7783,2109.49701309204,3536.99909353494,84.135066140913,247.012959075356,3789.63337970366,7313.14213552938,1338.59628746053,0,101.022368908109,1321.22823904071,665.810124850913,4555.63932239373,2496.09430637445,568.155643897556,2818.89468926025,1124.36093424338,229.338491085229,73.4525449263419,205.065076096053,136.917539222076,18891.3025567342,50.5778526562375,982.407273166615,1276.18977874134,187.864802367951,769.780357952182,88125.4304246819,130.02095162757,33.029939225727,2343.6426719112,4026.65598606684,696.880334398481,5462.45882138736
"51","vO",30593.0269969198,595.84342224144,4956.71433843465,3146.80532146429,67634.5397454155,112378.184572561,339.189868585982,6984.48781817255,44106,108.935997009277,26766.2678174008,906.960914675384,9839.96526531773,56573.8690757648,26948.171605169,6597.16589889621,0,5059.06841283969,0,227970.949264371,15598.8105103845,0,2734.32177576729,56688.4496254624,139636.716389664,37822.8099163929,3516.56889088231,962.020328802586,1508.78776742888,17312.3765545007,151.417056533852,23020.9591235385,7596.00876697262,9474.03206442116,252.446074526887,186103.865825781,3330.27191643453,1527.75646695344,16112.8536971863,43215.0559538885,9920.28547168157,103795.400746946
"52","vP",89529.8167628626,7487.4934204081,2420.08416345862,443.92165958543,34386.3787683998,51040.8712551043,111.566681723147,4630.13612047838,29394,2230.88098144531,16194.5449744606,1346.36702037345,4672.65177896189,34204.6361609889,25249.4649567437,1024.66651835881,0,2251.06974069862,5264.82716986455,204610.161415527,6477.51931858118,3998.46629863153,4125.20258265727,10363.9002306711,528140.397099911,66480.062992611,779.544503562762,65.9112821365598,1757.54175192491,12774.5880773572,144.58492131311,10976.5897785276,11856.9473963988,3521.99056774414,476.579729123894,33193.0753778178,4520.52306229073,780.708740063909,7026.59979666952,17573.1195115302,13989.790504242,4882626.29801043
"53","vQ",6487.02796259022,14930.7063967083,6106.00115334314,2987.00599119492,27599.0235108746,60676.0811557437,379.865638038097,6164.09577861206,58490,10784.1970891953,18280.468013535,1754.77454884768,9064.08089847771,42708.7080269678,45304.6624647066,9399.76455440419,0,2054.76473279465,18820.0068832238,159413.331585952,10101.2618251089,5888.75112703278,1297.58228562917,26338.2836886189,88905.055487407,43354.5508296269,969.424176248342,214.701736776218,916.267580728177,11997.2521793271,141.292572739523,11712.8031955658,20916.4378129748,6230.60661320778,533.174768312663,60791.4529391266,1106.17419287878,815.230129938742,19479.6610974446,14084.0550401543,11959.4237704131,49897.0979288673
"54","vR_S",3511.48979292204,9796.82221622119,3152.77081104596,833.612285244243,41706.4386811061,44478.0838043131,361.099111508666,3180.18653395223,32948.2159122783,8542.82604598999,15574.6587109141,1970.16373228363,11789.9194497787,44842.5961973285,15991.7225949172,6206.02735907626,0,2494.82221925883,6076.43625516824,274636.724858594,7412.05569715929,13557.4893452277,469.772644253869,48333.9879820929,70663.8461741382,52373.0883578627,2461.23131782029,300.682662608796,753.724046676119,8562.17712413032,136.470167381595,2035.35106592442,6070.35430843847,4839.61433324801,949.288863596668,151347.974534576,1176.50492886348,679.270965493012,12012.790478233,9492.36107976162,15550.3764958712,21835.2881018483
"55","vT",100.536073385956,1123.68213178908,0.215044536897972,0,0,0,0,0.32451865415348,6.78408772174641,183.586006164551,270.769469035291,0,0.0156556215628648,1.61157875427186,0.631453416557848,7.73429238362076,0,0.0731357665262859,0,0,0,0,0,1209.25656420279,0,0,0.144730264827125,0.048663427510582,0.0412476675412838,0,0,0.348147445146895,0.114887679882639,0,0,0,0,0.0308645594232837,0,0,0,5.37700437753108
"56","vU",0,0,0,0,0,0,0,0,0,0,0,0,0,0,0,0,0,0,0,0,0,0,0,0,0,0,0,0,0,0,0,0,0,0,0,0,0,0,0,0,0,0
